"Entry","RecordType","Data","TimeToLive"
"partner.googleadservices.com",,"142.250.204.34","83"
"avatars.githubusercontent.com",,"185.199.108.133","931"
"avatars.githubusercontent.com",,"185.199.109.133","931"
"avatars.githubusercontent.com",,"185.199.111.133","931"
"avatars.githubusercontent.com",,"185.199.110.133","931"
"signaler-pa.clients6.google.com",,"142.250.204.42","163"
"syndicatedsearch.goog",,"142.250.198.78","78"
"cse.google.com",,"142.250.66.78","249"
"www.google.com",,"142.250.204.36","203"
"www.google-analytics.com",,"142.250.204.46","9"
"www.abuseipdb.com",,"104.26.13.38","168"
"www.abuseipdb.com",,"172.67.70.74","168"
"www.abuseipdb.com",,"104.26.12.38","168"
"cdn.carbonads.com",,"d2w5yq7htjp2h0.cloudfront.net","3"
"cdn.carbonads.com",,"3.169.137.75","3"
"cdn.carbonads.com",,"3.169.137.8","3"
"cdn.carbonads.com",,"3.169.137.108","3"
"cdn.carbonads.com",,"3.169.137.39","3"
"clients1.google.com",,"clients.l.google.com","122"
"clients1.google.com",,"142.250.66.78","122"
"srv.buysellads.com",,"152.42.150.143","352"
"srv.buysellads.com",,"157.230.69.73","352"
"srv.buysellads.com",,"188.166.199.38","352"
"pagead2.googlesyndication.com",,"142.250.204.34","236"
"ep1.adtrafficquality.google",,"142.250.198.66","4"
"pypi.org",,"151.101.128.223","12248"
"pypi.org",,"151.101.64.223","12248"
"pypi.org",,"151.101.192.223","12248"
"pypi.org",,"151.101.0.223","12248"
"www.virustotal.com",,"34.54.88.138","206"
"ep2.adtrafficquality.google",,"142.250.204.33","144"
