Reason, IP
fonts.googleapis.com,173.194.174.95
assets.msn.com,203.69.138.230
assets.msn.com,203.69.138.230
ctldl.windowsupdate.com,199.232.214.172
www.bing.com,203.69.138.89
edge.microsoft.com,150.171.28.11
edge.microsoft.com,150.171.27.11
clientstream.launchdarkly.com,76.223.31.44
clientstream.launchdarkly.com,13.248.151.210
img-s-msn-com.akamaized.net,203.69.81.59
r.bing.com,210.71.227.200
th.bing.com,203.69.138.97
r.bing.com,210.71.227.210
ecn.dev.virtualearth.net,203.69.81.43
ecn.dev.virtualearth.net,203.69.81.42
bat.bing.com,150.171.27.10
r.bing.com,210.71.227.202
sb.scorecardresearch.com,3.169.137.16
px.ads.linkedin.com,150.171.22.12
ntp.msn.com,203.69.138.206
assets.msn.com,203.69.81.40
c.msn.com,13.107.246.73
windows.msn.com,210.71.227.168
r.bing.com,210.71.227.209
addons-pa.clients6.google.com
turing-writingassistance.edge.microsoft.com,13.107.9.158
sb.scorecardresearch.com,3.169.137.63
img-s.msn.cn,175.97.131.54
browser.events.data.msn.com,52.168.117.170
